File,Uncovered Lines,Total Lines,Coverage %,First 10 Uncovered Line Numbers
"packages/core/tests/mocks/FileSystemService.mock.ts",402,424,5.19,"24, 25, 26, 27, 28, 29, 30, 31, 32, 33"
"packages/tui/src/performance/StartupProfiler.ts",303,460,34.13,"180, 181, 182, 183, 184, 185, 186, 187, 188, 189"
"packages/core/tests/mocks/WorkflowEngineService.mock.ts",173,272,36.40,"71, 72, 73, 74, 75, 76, 77, 78, 79, 80"
"packages/tui/src/events/helpers/MessageMatcher.ts",166,201,17.41,"9, 10, 11, 12, 13, 15, 18, 19, 20, 21"
"packages/tui/src/events/EventManager.ts",157,366,57.10,"63, 64, 65, 66, 67, 100, 101, 102, 103, 104"
"packages/core/src/state/migrations/MigrationRecordKeeper.ts",148,213,30.52,"27, 28, 70, 71, 72, 73, 74, 90, 91, 92"
"packages/core/tests/mocks/ConfigService.mock.ts",147,185,20.54,"24, 25, 26, 27, 28, 29, 30, 31, 32, 33"
"packages/tui/src/errors/helpers/StorageManager.ts",144,181,20.44,"27, 36, 37, 38, 39, 40, 41, 42, 43, 44"
"packages/cli/src/commands/migrate.ts",141,150,6.00,"17, 18, 19, 20, 21, 22, 23, 24, 25, 26"
"packages/tui/src/events/KeyboardHandler.ts",141,228,38.16,"39, 40, 41, 42, 43, 44, 45, 46, 47, 48"
"packages/core/tests/mocks/StateManagerService.mock.ts",136,172,20.93,"22, 23, 24, 25, 26, 27, 28, 29, 30, 31"
"packages/core/src/state/manager/MigrationManager.ts",134,146,8.22,"17, 18, 19, 20, 21, 22, 23, 24, 25, 26"
"packages/core/src/state/manager/StateSaver.ts",131,146,10.27,"39, 40, 41, 42, 43, 44, 45, 46, 47, 48"
"packages/tui/src/performance/PerformanceMonitor.ts",115,182,36.81,"59, 60, 61, 62, 63, 64, 65, 66, 67, 68"
"packages/tui/src/performance/metrics/MetricsAggregator.ts",112,123,8.94,"4, 5, 6, 7, 8, 9, 10, 11, 12, 13"
"packages/core/src/state/manager/StateLoader.ts",104,116,10.34,"17, 18, 19, 20, 21, 22, 23, 24, 25, 26"
"packages/tui/src/events/keyboard/EscapeSequenceParser.ts",100,108,7.41,"14, 15, 16, 17, 18, 19, 20, 21, 22, 23"
"packages/core/src/workflow/WorkflowValidator.ts",94,182,48.35,"58, 59, 60, 61, 62, 63, 64, 65, 66, 67"
"packages/tui/src/errors/helpers/SnapshotManager.ts",94,153,38.56,"63, 64, 65, 66, 67, 68, 69, 70, 71, 72"
"packages/tui/src/errors/StatePreservation.ts",92,214,57.01,"80, 81, 82, 83, 84, 85, 86, 87, 88, 89"
"packages/tui/src/performance/helpers/BenchmarkManager.ts",91,148,38.51,"26, 27, 28, 29, 30, 31, 32, 33, 34, 35"
"packages/core/src/monitoring/decorators.ts",79,140,43.57,"38, 39, 40, 41, 42, 43, 44, 45, 46, 47"
"packages/tui/src/events/InputValidator.ts",78,331,76.44,"372, 373, 374, 375, 376, 377, 378, 379, 380, 381"
"packages/tui/src/events/helpers/SubscriberManager.ts",77,152,49.34,"47, 51, 59, 63, 64, 65, 66, 67, 68, 104"
"packages/core/src/state/TransactionLogger.ts",74,145,48.97,"79, 80, 81, 82, 83, 84, 85, 86, 87, 88"
"packages/tui/src/events/EventBus.ts",73,223,67.26,"50, 69, 70, 71, 72, 73, 74, 75, 76, 77"
"packages/tui/src/events/helpers/KeyBindingManager.ts",70,189,62.96,"79, 80, 81, 82, 83, 84, 85, 86, 87, 88"
"packages/tui/src/performance/MemoryTracker.ts",63,385,83.64,"174, 175, 176, 177, 178, 179, 180, 181, 182, 183"
"packages/core/tests/mocks/LoggerService.mock.ts",62,89,30.34,"23, 24, 25, 26, 27, 28, 41, 42, 43, 44"
"packages/tui/src/events/helpers/KeyMetricsTracker.ts",62,141,56.03,"24, 25, 26, 27, 28, 29, 30, 31, 35, 36"
"packages/tui/src/performance/helpers/AlertManager.ts",59,124,52.42,"61, 65, 69, 70, 71, 72, 73, 74, 75, 76"
"packages/core/src/state/FieldEncryption.ts",56,277,79.78,"366, 367, 368, 369, 370, 371, 372, 373, 374, 375"
"packages/core/src/state/manager/StateManager.ts",55,106,48.11,"66, 67, 68, 69, 70, 71, 72, 73, 74, 75"
"packages/core/src/state/ConcurrencyManager.ts",54,198,72.73,"139, 140, 141, 142, 143, 144, 145, 146, 147, 148"
"packages/core/tests/test-utils/LogAssertions.ts",52,117,55.56,"30, 31, 32, 58, 63, 64, 65, 66, 67, 82"
"packages/tui/src/performance/helpers/MetricsTracker.ts",48,121,60.33,"58, 59, 60, 61, 62, 63, 64, 65, 66, 67"
"packages/tui/src/errors/recovery/StrategyManager.ts",47,194,75.77,"25, 26, 27, 28, 29, 30, 31, 32, 64, 65"
"packages/core/src/container/DependencyResolver.ts",44,78,43.59,"51, 52, 53, 54, 55, 56, 57, 58, 59, 60"
"packages/tui/src/events/helpers/BusMetrics.ts",43,104,58.65,"41, 45, 62, 63, 67, 68, 69, 73, 74, 75"
"packages/tui/src/performance/metrics/MetricsCollector.ts",43,392,89.03,"234, 238, 253, 254, 255, 256, 257, 265, 266, 267"
"packages/core/src/state/TransactionRecovery.ts",42,196,78.57,"57, 58, 59, 60, 61, 194, 195, 196, 197, 198"
"packages/tui/src/errors/helpers/StateSerializerManager.ts",42,103,59.22,"35, 44, 53, 54, 55, 56, 57, 58, 61, 62"
"packages/tui/src/performance/metrics/AlertManager.ts",41,114,64.04,"85, 89, 93, 94, 95, 96, 97, 98, 102, 103"
"packages/tui/src/errors/recovery/StateManager.ts",38,116,67.24,"92, 93, 94, 95, 96, 97, 98, 99, 100, 104"
"packages/tui/src/events/helpers/MessageQueue.ts",32,148,78.38,"58, 59, 60, 61, 62, 63, 64, 65, 66, 67"
"packages/core/src/state/manager/StateInitializer.ts",30,82,63.41,"34, 35, 36, 37, 38, 39, 40, 41, 42, 43"
"packages/core/src/state/migrations/scripts/v0_2_0_to_v1_0_0.ts",30,133,77.44,"39, 40, 41, 42, 43, 44, 45, 46, 52, 87"
"packages/core/tests/test-utils/MockLogger.ts",30,96,68.75,"83, 84, 85, 90, 91, 92, 93, 94, 95, 96"
"packages/tui/src/performance/helpers/SystemProfiler.ts",30,122,75.41,"41, 42, 43, 44, 45, 46, 47, 48, 49, 58"
"packages/core/src/state/migrations/MigrationRunner.ts",27,221,87.78,"298, 299, 300, 301, 302, 303, 304, 305, 306, 307"
"packages/core/src/workflow/types.ts",27,52,48.08,"137, 141, 147, 148, 149, 150, 151, 152, 153, 159"
"packages/tui/src/errors/helpers/DataProcessor.ts",27,54,50.00,"14, 15, 16, 17, 21, 22, 23, 27, 28, 29"
"packages/core/src/utils/security.ts",26,150,82.67,"157, 158, 159, 160, 161, 162, 163, 164, 165, 166"
"packages/core/src/state/SecurityAudit.ts",24,201,88.06,"246, 247, 248, 283, 284, 285, 286, 287, 288, 289"
"packages/core/src/monitoring/PerformanceDashboard.ts",23,257,91.05,"121, 122, 123, 124, 125, 126, 127, 155, 156, 157"
"packages/core/src/state/BackupManager.ts",22,217,89.86,"223, 224, 225, 226, 227, 228, 229, 230, 231, 232"
"packages/tui/src/performance/metrics/MetricsBuffer.ts",22,76,71.05,"56, 57, 58, 62, 66, 70, 74, 78, 87, 88"
"packages/core/src/state/DirectoryManager.ts",20,101,80.20,"112, 113, 114, 115, 116, 121, 122, 123, 124, 125"
"packages/core/src/state/migrations/MigrationRegistry.ts",19,143,86.71,"195, 196, 197, 198, 199, 200, 201, 202, 203, 204"
"packages/core/tests/test-utils/TestDataFactory.ts",17,25,32.00,"18, 25, 26, 27, 28, 29, 30, 31, 32, 39"
"packages/core/src/workflow/errors.ts",15,51,70.59,"36, 37, 38, 39, 40, 41, 47, 48, 49, 55"
"packages/tui/src/views/BaseView.ts",13,80,83.75,"45, 46, 47, 48, 49, 50, 51, 52, 53, 54"
"packages/core/src/state/validation.ts",12,84,85.71,"103, 104, 105, 106, 107, 108, 109, 110, 111, 112"
"packages/core/src/workflow/WorkflowEngine.ts",12,230,94.78,"321, 322, 323, 324, 325, 329, 330, 331, 332, 333"
"packages/core/src/workflow/WorkflowStateManager.ts",12,137,91.24,"50, 51, 52, 53, 54, 58, 59, 60, 61, 62"
"packages/tui/src/events/keyboard/ControlCharacterParser.ts",12,56,78.57,"45, 49, 53, 57, 61, 62, 66, 67, 71, 72"
"packages/core/src/state/SecretsDetector.ts",11,182,93.96,"259, 260, 261, 262, 263, 264, 265, 266, 267, 268"
"packages/core/src/state/migrations/types.ts",11,37,70.27,"127, 128, 129, 130, 131, 135, 136, 137, 138, 139"
"packages/core/src/workflow/WorkflowNavigator.ts",10,242,95.87,"135, 136, 137, 138, 139, 140, 141, 142, 143, 144"
"packages/core/src/container/ServiceProvider.ts",9,133,93.23,"74, 75, 76, 77, 78, 110, 111, 112, 113"
"packages/core/src/state/migrations/BackupManager.ts",7,137,94.89,"171, 172, 173, 174, 175, 176, 177"
"packages/tui/src/errors/recovery/ProcessHandlers.ts",7,120,94.17,"75, 76, 77, 138, 139, 202, 206"
"packages/core/src/monitoring/PerformanceMonitor.ts",6,228,97.37,"317, 318, 319, 320, 321, 322"
"packages/core/src/state/errors.ts",5,44,88.64,"25, 26, 27, 28, 29"
"packages/core/src/state/migrations/MigrationUtils.ts",5,93,94.62,"13, 14, 15, 16, 17"
"packages/core/src/workflow/conditions.ts",5,138,96.38,"19, 99, 103, 104, 106"
"packages/core/src/services/BaseService.ts",4,27,85.19,"42, 43, 44, 45"
"packages/core/src/state/migrations/versionDetection.ts",4,245,98.37,"150, 195, 196, 254"
"packages/core/src/container/FeatureFlags.ts",3,118,97.46,"96, 194, 195"
"packages/core/src/container/types.ts",3,22,86.36,"75, 76, 77"
"packages/tui/src/errors/ErrorBoundary.ts",3,372,99.19,"85, 86, 437"
"packages/core/src/container/CompatibilityLayer.ts",2,122,98.36,"225, 232"
"packages/core/src/state/migrations/MigrationValidator.ts",2,174,98.85,"30, 31"
"packages/core/src/state/migrations/scripts/v0_1_0_to_v0_2_0.ts",2,47,95.74,"33, 34"
"packages/tui/src/errors/recovery/CrashRecovery.ts",2,226,99.12,"149, 303"
"packages/core/src/monitoring/performance/MemoryAnalyzer.ts",1,46,97.83,"65"
"packages/core/src/state/SecurityEventLogger.ts",1,73,98.63,"61"
"packages/core/src/state/TransactionManager.ts",1,168,99.40,"147"
"packages/core/src/utils/logger.ts",1,161,99.38,"267"